{
  "stock": {
    "single": {
      "in": 145.8060947932837,
      "oos_mean": -0.3851070676101104,
      "oos_std": 0.1471024375688837
    },
    "domain": {
      "in": 0.33843727092903864,
      "oos_mean": 0.34736806025024497,
      "oos_std": 0.362418948602873
    }
  },
  "crypto": {
    "single": {
      "in": 19563.903779312972,
      "oos_mean": -0.5723337588782889,
      "oos_std": 0.3301737526657163
    },
    "domain": {
      "in": 2.6669640816399607,
      "oos_mean": 2.501374469284053,
      "oos_std": 2.652160422427048
    }
  }
}